time,cpu
2018/4/2 8:56,9.49E-02
2018/4/2 8:56,4.64E-02
2018/4/2 8:56,6.02E-02
2018/4/2 8:56,6.11E-02
2018/4/2 8:56,5.23E-02
2018/4/2 8:56,5.76E-02
2018/4/2 8:56,5.32E-02
2018/4/2 8:56,1.80E-02
2018/4/2 8:56,5.67E-02
2018/4/2 8:56,4.32E-02
2018/4/2 8:57,5.32E-02
2018/4/2 8:57,1.77E-02
2018/4/2 8:57,4.32E-02
2018/4/2 8:57,4.64E-02
2018/4/2 8:57,5.41E-02
2018/4/2 8:57,5.44E-05
2018/4/2 8:57,5.15E-02
2018/4/2 8:57,1.16E-01
2018/4/2 8:57,1.25E-01
2018/4/2 8:57,1.60E-01
2018/4/2 8:57,1.01E-01
2018/4/2 8:57,1.80E-01
2018/4/2 8:57,1.67E-01
2018/4/2 8:57,7.02E-02
2018/4/2 8:57,1.32E-01
2018/4/2 8:57,1.13E-01
2018/4/2 8:57,1.05E-01
2018/4/2 8:58,5.32E-02
2018/4/2 8:58,2.33E-01
2018/4/2 8:58,1.84E-01
2018/4/2 8:58,1.69E-01
2018/4/2 8:58,1.68E-01
2018/4/2 8:58,1.64E-01
2018/4/2 8:58,1.73E-01
2018/4/2 8:58,1.64E-01
2018/4/2 8:58,1.67E-01
2018/4/2 8:58,1.77E-01
2018/4/2 8:58,1.77E-01
2018/4/2 8:58,1.68E-01
2018/4/2 8:58,7.02E-02
2018/4/2 8:58,1.53E-01
2018/4/2 8:58,1.73E-01
2018/4/2 8:58,1.72E-01
2018/4/2 8:58,1.72E-01
2018/4/2 8:59,1.74E-01
2018/4/2 8:59,1.73E-01
2018/4/2 8:59,8.90E-02
2018/4/2 8:59,1.81E-01
2018/4/2 8:59,1.72E-01
2018/4/2 8:59,1.73E-01
2018/4/2 8:59,1.73E-01
2018/4/2 8:59,1.68E-01
2018/4/2 8:59,1.81E-01
2018/4/2 8:59,1.74E-01
2018/4/2 8:59,1.73E-01
2018/4/2 8:59,1.73E-01
2018/4/2 8:59,1.73E-01
2018/4/2 8:59,1.88E-01
2018/4/2 8:59,7.11E-02
2018/4/2 8:59,1.28E-01
2018/4/2 9:00,1.44E-01
2018/4/2 9:00,1.28E-01
2018/4/2 9:00,1.74E-01
2018/4/2 9:00,1.01E-01
2018/4/2 9:00,2.57E-01
2018/4/2 9:00,1.68E-01
2018/4/2 9:00,1.69E-01
2018/4/2 9:00,6.38E-02
2018/4/2 9:00,1.73E-01
2018/4/2 9:00,1.77E-01
2018/4/2 9:00,8.42E-02
2018/4/2 9:00,1.68E-01
2018/4/2 9:00,1.77E-01
2018/4/2 9:00,4.98E-02
2018/4/2 9:00,4.98E-02
2018/4/2 9:00,6.02E-02
2018/4/2 9:00,6.29E-02
2018/4/2 9:01,4.98E-02
2018/4/2 9:01,5.32E-02
2018/4/2 9:01,6.38E-02
2018/4/2 9:01,5.23E-02
2018/4/2 9:01,6.29E-02
2018/4/2 9:01,6.38E-02
2018/4/2 9:01,6.56E-02
2018/4/2 9:01,5.23E-02
2018/4/2 9:01,7.02E-02
2018/4/2 9:01,4.98E-02
2018/4/2 9:01,9.98E-02
2018/4/2 9:01,1.31E-01
2018/4/2 9:01,1.68E-01
2018/4/2 9:01,1.40E-01
2018/4/2 9:01,1.47E-01
2018/4/2 9:01,1.75E-01
2018/4/2 9:01,1.78E-01
2018/4/2 9:02,8.14E-02
2018/4/2 9:02,9.19E-02
2018/4/2 9:02,1.72E-01
2018/4/2 9:02,8.42E-02
2018/4/2 9:02,7.76E-02
2018/4/2 9:02,1.81E-01
2018/4/2 9:02,1.76E-01
2018/4/2 9:02,6.29E-02
2018/4/2 9:02,8.71E-02
2018/4/2 9:02,1.77E-01
2018/4/2 9:02,1.77E-01
2018/4/2 9:02,1.77E-01
2018/4/2 9:02,1.66E-01
2018/4/2 9:02,1.82E-01
2018/4/2 9:02,1.12E-01
2018/4/2 9:02,1.04E-01
2018/4/2 9:02,4.89E-02
2018/4/2 9:03,4.73E-02
2018/4/2 9:03,5.23E-02
2018/4/2 9:03,5.67E-02
2018/4/2 9:03,5.32E-02
2018/4/2 9:03,5.67E-02
2018/4/2 9:03,5.76E-02
2018/4/2 9:03,5.23E-02
2018/4/2 9:03,1.76E-01
2018/4/2 9:05,9.68E-02
2018/4/2 9:05,1.44E-01
2018/4/2 9:05,1.73E-01
2018/4/2 9:05,1.82E-01
2018/4/2 9:05,5.67E-02
2018/4/2 9:05,1.36E-01
2018/4/2 9:05,7.02E-02
2018/4/2 9:05,1.85E-01
2018/4/2 9:05,1.77E-01
2018/4/2 9:05,9.68E-02
2018/4/2 9:05,8.52E-02
2018/4/2 9:05,1.01E-01
2018/4/2 9:05,6.38E-02
2018/4/2 9:05,6.65E-02
2018/4/2 9:05,1.12E-01
2018/4/2 9:05,5.67E-02
2018/4/2 9:06,5.67E-02
2018/4/2 9:06,5.76E-02
2018/4/2 9:06,6.29E-02
2018/4/2 9:06,4.98E-02
2018/4/2 9:06,5.41E-02
2018/4/2 9:06,5.32E-02
2018/4/2 9:06,1.73E-01
2018/4/2 9:06,6.02E-02
2018/4/2 9:06,5.76E-02
2018/4/2 9:06,4.64E-02
2018/4/2 9:06,4.64E-02
2018/4/2 9:06,4.64E-02
2018/4/2 9:06,4.98E-02
2018/4/2 9:06,5.15E-02
2018/4/2 9:06,4.64E-02
2018/4/2 9:06,4.64E-02
2018/4/2 9:06,4.98E-02
2018/4/2 9:07,4.56E-02
2018/4/2 9:07,4.64E-02
2018/4/2 9:07,5.49E-02
2018/4/2 9:07,4.64E-02
2018/4/2 9:07,5.32E-02
2018/4/2 9:07,4.73E-02
2018/4/2 9:07,5.06E-02
2018/4/2 9:07,5.67E-02
2018/4/2 9:07,4.73E-02
2018/4/2 9:07,4.98E-02
2018/4/2 9:07,4.98E-02
2018/4/2 9:07,4.98E-02
2018/4/2 9:07,4.64E-02
2018/4/2 9:07,4.73E-02
2018/4/2 9:07,6.02E-02
2018/4/2 9:07,4.18E-03
2018/4/2 9:07,2.80E-05
2018/4/2 9:08,1.48E-05
2018/4/2 9:08,4.50E-05
2018/4/2 9:08,1.68E-03
2018/4/2 9:08,5.44E-05
2018/4/2 9:08,2.19E-04
2018/4/2 9:08,3.24E-05
2018/4/2 9:08,4.81E-02
2018/4/2 9:08,5.67E-02
2018/4/2 9:08,7.76E-02
2018/4/2 9:08,5.32E-02
2018/4/2 9:08,5.76E-02
2018/4/2 9:08,5.06E-02
2018/4/2 9:08,4.64E-02
2018/4/2 9:08,4.98E-02
2018/4/2 9:08,6.02E-02
2018/4/2 9:08,5.76E-02
2018/4/2 9:09,4.89E-02
2018/4/2 9:09,5.67E-02
2018/4/2 9:09,4.98E-02
2018/4/2 9:09,6.02E-02
2018/4/2 9:09,5.58E-02
2018/4/2 9:09,4.64E-02
2018/4/2 9:09,4.98E-02
2018/4/2 9:09,5.23E-02
2018/4/2 9:09,4.56E-02
2018/4/2 9:09,4.98E-02
2018/4/2 9:09,5.32E-02
2018/4/2 9:09,5.67E-02
2018/4/2 9:09,6.38E-02
2018/4/2 9:09,5.67E-02
2018/4/2 9:09,5.67E-02
2018/4/2 9:09,5.67E-02
2018/4/2 9:09,4.98E-02
2018/4/2 9:10,6.20E-02
2018/4/2 9:10,4.89E-02
2018/4/2 9:10,1.81E-01
2018/4/2 9:10,5.32E-02
2018/4/2 9:10,5.93E-02
2018/4/2 9:10,6.38E-02
2018/4/2 9:10,5.67E-02
2018/4/2 9:10,4.64E-02
2018/4/2 9:10,4.98E-02
2018/4/2 9:10,4.64E-02
2018/4/2 9:10,4.64E-02
2018/4/2 9:10,4.64E-02
2018/4/2 9:10,4.98E-02
2018/4/2 9:10,4.48E-02
2018/4/2 9:10,4.56E-02
2018/4/2 9:10,4.64E-02
2018/4/2 9:10,5.06E-02
2018/4/2 9:11,6.38E-02
2018/4/2 9:11,4.98E-02
2018/4/2 9:11,4.64E-02
2018/4/2 9:11,4.64E-02
2018/4/2 9:11,4.64E-02
2018/4/2 9:11,4.98E-02
2018/4/2 9:11,4.56E-02
2018/4/2 9:11,5.67E-02
2018/4/2 9:11,4.56E-02
2018/4/2 9:11,5.32E-02
2018/4/2 9:11,5.32E-02
2018/4/2 9:11,4.56E-02
2018/4/2 9:11,4.56E-02
2018/4/2 9:11,5.67E-02
2018/4/2 9:11,5.67E-02
2018/4/2 9:11,4.73E-02
2018/4/2 9:12,5.32E-02
2018/4/2 9:12,5.58E-02
2018/4/2 9:12,5.32E-02
2018/4/2 9:12,4.64E-02
2018/4/2 9:12,4.98E-02
2018/4/2 9:12,4.64E-02
2018/4/2 9:12,4.64E-02
2018/4/2 9:12,6.38E-02
2018/4/2 9:12,5.32E-02
2018/4/2 9:12,6.11E-02
2018/4/2 9:12,4.64E-02
2018/4/2 9:12,4.64E-02
2018/4/2 9:12,5.84E-02
2018/4/2 9:12,5.58E-02
2018/4/2 9:12,4.64E-02
2018/4/2 9:12,5.32E-02
2018/4/2 9:12,6.74E-02
2018/4/2 9:13,5.32E-02
2018/4/2 9:13,5.32E-02
2018/4/2 9:13,4.89E-02
2018/4/2 9:13,5.32E-02
2018/4/2 9:13,6.02E-02
2018/4/2 9:13,5.32E-02
2018/4/2 9:13,4.64E-02
2018/4/2 9:13,4.98E-02
2018/4/2 9:13,5.67E-02
2018/4/2 9:13,4.98E-02
2018/4/2 9:13,5.41E-02
2018/4/2 9:13,4.98E-02
2018/4/2 9:13,6.38E-02
2018/4/2 9:13,4.81E-02
2018/4/2 9:13,4.64E-02
2018/4/2 9:13,5.67E-02
2018/4/2 9:14,4.73E-02
2018/4/2 9:14,5.15E-01
2018/4/2 9:14,1.15E-01
2018/4/2 9:14,8.34E-01
2018/4/2 9:14,1.44E-01
2018/4/2 9:14,6.82E-01
2018/4/2 9:14,4.62E-01
2018/4/2 9:14,3.71E-01
2018/4/2 9:14,3.21E-01
2018/4/2 9:14,3.33E-01
2018/4/2 9:14,2.35E-01
2018/4/2 9:14,3.26E-01
2018/4/2 9:14,6.58E-01
2018/4/2 9:14,2.06E-01
2018/4/2 9:14,4.52E-01
2018/4/2 9:14,3.82E-01
2018/4/2 9:14,4.83E-01
2018/4/2 9:15,4.04E-01
2018/4/2 9:15,3.05E-01
2018/4/2 9:15,3.06E-01
2018/4/2 9:15,5.60E-01
2018/4/2 9:15,5.06E-01
2018/4/2 9:15,5.15E-01
2018/4/2 9:15,1.58E-01
2018/4/2 9:15,2.79E-02
2018/4/2 9:15,4.92E-04
2018/4/2 9:15,6.18E-05
2018/4/2 9:15,2.29E-05
2018/4/2 9:15,7.49E-05
2018/4/2 9:15,1.73E-02
2018/4/2 9:15,1.80E-05
2018/4/2 9:15,2.92E-05
2018/4/2 9:15,3.03E-05
2018/4/2 9:15,4.36E-05
2018/4/2 9:16,2.92E-05
2018/4/2 9:16,2.07E-04
2018/4/2 9:16,5.42E-05
2018/4/2 9:16,4.48E-05
2018/4/2 9:16,4.44E-05
2018/4/2 9:16,2.68E-05
2018/4/2 9:16,2.94E-05
2018/4/2 9:16,5.77E-05
2018/4/2 9:16,6.28E-05
2018/4/2 9:16,2.09E-02
2018/4/2 9:16,4.45E-05
2018/4/2 9:16,6.24E-05
2018/4/2 9:16,2.19E-04
2018/4/2 9:16,6.40E-05
2018/4/2 9:16,6.21E-05
2018/4/2 9:16,1.70E-05
2018/4/2 9:17,4.30E-05
2018/4/2 9:17,3.16E-05
2018/4/2 9:17,1.80E-05
2018/4/2 9:17,6.39E-05
2018/4/2 9:17,1.38E-05
2018/4/2 9:17,2.80E-05
2018/4/2 9:17,2.92E-05
2018/4/2 9:17,4.27E-05
2018/4/2 9:17,2.55E-05
2018/4/2 9:17,3.16E-05
2018/4/2 9:17,2.68E-05
2018/4/2 9:17,4.36E-05
2018/4/2 9:17,6.16E-05
2018/4/2 9:17,4.33E-05
2018/4/2 9:17,1.59E-05
2018/4/2 9:17,3.16E-05
2018/4/2 9:17,8.23E-05
2018/4/2 9:18,2.83E-05
2018/4/2 9:18,1.48E-05
2018/4/2 9:18,6.12E-05
2018/4/2 9:18,5.41E-05
2018/4/2 9:18,4.30E-05
2018/4/2 9:18,1.80E-05
2018/4/2 9:18,3.90E-03
2018/4/2 9:18,2.92E-05
2018/4/2 9:18,6.28E-05
2018/4/2 9:18,4.39E-05
2018/4/2 9:18,2.71E-05
2018/4/2 9:18,1.48E-05
2018/4/2 9:18,6.16E-05
2018/4/2 9:18,2.24E-04
2018/4/2 9:18,4.33E-05
2018/4/2 9:18,1.48E-05
2018/4/2 9:19,1.27E-05
2018/4/2 9:19,5.77E-05
2018/4/2 9:19,3.16E-05
2018/4/2 9:19,2.83E-05
2018/4/2 9:19,4.44E-05
2018/4/2 9:19,6.25E-05
2018/4/2 9:19,4.80E-05
2018/4/2 9:19,4.39E-05
2018/4/2 9:19,2.01E-05
2018/4/2 9:19,2.94E-05
2018/4/2 9:19,2.29E-05
2018/4/2 9:19,2.01E-05
2018/4/2 9:19,6.37E-05
2018/4/2 9:19,6.22E-05
2018/4/2 9:19,4.36E-05
2018/4/2 9:19,4.45E-05
2018/4/2 9:19,1.16E-05
2018/4/2 9:20,4.64E-02
2018/4/2 9:20,4.81E-02
2018/4/2 9:20,4.73E-02
2018/4/2 9:20,6.02E-02
2018/4/2 9:20,5.67E-02
2018/4/2 9:20,4.73E-02
2018/4/2 9:20,4.98E-02
2018/4/2 9:20,5.32E-02
2018/4/2 9:20,5.58E-02
2018/4/2 9:20,4.98E-02
2018/4/2 9:20,5.06E-02
2018/4/2 9:20,5.84E-02
2018/4/2 9:20,5.41E-02
2018/4/2 9:20,5.06E-02
2018/4/2 9:20,4.64E-02
2018/4/2 9:20,4.98E-02
2018/4/2 9:20,4.64E-02
2018/4/2 9:21,5.58E-02
2018/4/2 9:21,5.67E-02
2018/4/2 9:21,5.76E-02
2018/4/2 9:21,4.64E-02
2018/4/2 9:21,6.02E-02
2018/4/2 9:21,4.64E-02
2018/4/2 9:21,4.64E-02
2018/4/2 9:21,5.06E-02
2018/4/2 9:21,4.98E-02
2018/4/2 9:21,5.32E-02
2018/4/2 9:21,6.02E-02
2018/4/2 9:21,4.98E-02
2018/4/2 9:21,4.56E-02
2018/4/2 9:21,4.98E-02
2018/4/2 9:21,6.38E-02
2018/4/2 9:21,5.32E-02
2018/4/2 9:22,5.32E-02
2018/4/2 9:22,4.98E-02
2018/4/2 9:22,5.67E-02
2018/4/2 9:22,5.32E-02
2018/4/2 9:22,4.56E-02
2018/4/2 9:22,1.20E-01
2018/4/2 9:22,5.23E-02
2018/4/2 9:22,5.32E-02
2018/4/2 9:22,5.67E-02
2018/4/2 9:22,5.93E-02
2018/4/2 9:22,5.32E-02
2018/4/2 9:22,4.64E-02
2018/4/2 9:22,5.23E-02
2018/4/2 9:22,4.64E-02
2018/4/2 9:22,4.98E-02
2018/4/2 9:22,4.98E-02
2018/4/2 9:22,4.98E-02
2018/4/2 9:23,5.76E-02
2018/4/2 9:23,5.15E-02
2018/4/2 9:23,4.64E-02
2018/4/2 9:23,5.67E-02
2018/4/2 9:23,5.23E-02
2018/4/2 9:23,4.64E-02
2018/4/2 9:23,4.98E-02
2018/4/2 9:23,4.89E-02
2018/4/2 9:23,4.64E-02
2018/4/2 9:23,4.64E-02
2018/4/2 9:23,6.38E-02
2018/4/2 9:23,4.73E-02
2018/4/2 9:23,5.32E-02
2018/4/2 9:23,4.64E-02
2018/4/2 9:23,4.64E-02
2018/4/2 9:23,5.76E-02
2018/4/2 9:24,5.67E-02
2018/4/2 9:24,5.32E-02
2018/4/2 9:24,4.98E-02
2018/4/2 9:24,5.67E-02
2018/4/2 9:24,4.64E-02
2018/4/2 9:24,4.64E-02
2018/4/2 9:24,5.67E-02
2018/4/2 9:24,5.32E-02
2018/4/2 9:24,1.57E-01
2018/4/2 9:24,5.41E-02
2018/4/2 9:24,4.98E-02
2018/4/2 9:24,5.32E-02
2018/4/2 9:24,5.67E-02
2018/4/2 9:24,5.32E-02
2018/4/2 9:24,4.56E-02
2018/4/2 9:24,4.98E-02
2018/4/2 9:24,4.98E-02
2018/4/2 9:25,4.98E-02
2018/4/2 9:25,5.32E-02
2018/4/2 9:25,5.06E-02
2018/4/2 9:25,5.06E-02
2018/4/2 9:25,4.64E-02
2018/4/2 9:25,5.58E-02
2018/4/2 9:25,5.93E-02
2018/4/2 9:25,5.32E-02
2018/4/2 9:25,4.64E-02
2018/4/2 9:25,4.73E-02
2018/4/2 9:25,4.98E-02
2018/4/2 9:25,5.23E-02
2018/4/2 9:25,4.89E-02
2018/4/2 9:25,6.74E-02
2018/4/2 9:25,5.67E-02
2018/4/2 9:25,4.89E-02
2018/4/2 9:25,4.98E-02
2018/4/2 9:26,5.93E-02
2018/4/2 9:26,4.64E-02
2018/4/2 9:26,4.98E-02
2018/4/2 9:26,5.32E-02
2018/4/2 9:26,4.56E-02
2018/4/2 9:26,5.84E-02
2018/4/2 9:26,5.32E-02
2018/4/2 9:26,4.98E-02
2018/4/2 9:26,4.98E-02
2018/4/2 9:26,4.64E-02
2018/4/2 9:26,5.67E-02
2018/4/2 9:26,5.76E-02
2018/4/2 9:26,4.98E-02
2018/4/2 9:26,1.35E-01
2018/4/2 9:26,1.80E-01
2018/4/2 9:26,4.64E-02
2018/4/2 9:27,4.73E-02
2018/4/2 9:27,5.41E-02
2018/4/2 9:27,4.98E-02
2018/4/2 9:27,5.32E-02
2018/4/2 9:27,4.73E-02
2018/4/2 9:27,6.38E-02
2018/4/2 9:27,5.32E-02
2018/4/2 9:27,5.67E-02
2018/4/2 9:27,5.32E-02
2018/4/2 9:27,5.67E-02
2018/4/2 9:27,5.32E-02
2018/4/2 9:27,4.98E-02
2018/4/2 9:27,4.64E-02
2018/4/2 9:27,5.32E-02
2018/4/2 9:27,4.64E-02
2018/4/2 9:27,4.98E-02
2018/4/2 9:27,5.06E-02
2018/4/2 9:28,4.73E-02
2018/4/2 9:28,4.89E-02
2018/4/2 9:28,5.32E-02
2018/4/2 9:28,5.32E-02
2018/4/2 9:28,5.32E-02
2018/4/2 9:28,4.98E-02
2018/4/2 9:28,5.93E-02
2018/4/2 9:28,5.41E-02
2018/4/2 9:28,5.32E-02
2018/4/2 9:28,4.98E-02
2018/4/2 9:28,5.84E-02
2018/4/2 9:28,5.58E-02
2018/4/2 9:28,4.64E-02
2018/4/2 9:28,5.67E-02
2018/4/2 9:28,5.32E-02
2018/4/2 9:28,4.98E-02
2018/4/2 9:28,5.32E-02
2018/4/2 9:29,5.84E-02
2018/4/2 9:29,5.32E-02
2018/4/2 9:29,4.81E-02
2018/4/2 9:29,4.98E-02
2018/4/2 9:29,4.98E-02
2018/4/2 9:29,5.23E-02
2018/4/2 9:29,5.67E-02
2018/4/2 9:29,5.58E-02
2018/4/2 9:29,5.49E-02
2018/4/2 9:29,5.93E-02
2018/4/2 9:29,4.64E-02
2018/4/2 9:29,5.67E-02
2018/4/2 9:29,4.98E-02
2018/4/2 9:29,5.41E-02
2018/4/2 9:29,4.64E-02
2018/4/2 9:29,4.98E-02
2018/4/2 9:30,5.32E-02
2018/4/2 9:30,5.32E-02
2018/4/2 9:30,4.64E-02
2018/4/2 9:30,5.32E-02
2018/4/2 9:30,5.67E-02
2018/4/2 9:30,5.32E-02
2018/4/2 9:30,4.89E-02
2018/4/2 9:30,4.64E-02
2018/4/2 9:30,1.32E-01
2018/4/2 9:30,5.76E-02
2018/4/2 9:30,6.29E-02
2018/4/2 9:30,4.98E-02
2018/4/2 9:30,6.74E-02
2018/4/2 9:30,4.64E-02
2018/4/2 9:30,6.02E-02
2018/4/2 9:30,5.58E-02
2018/4/2 9:30,4.98E-02
2018/4/2 9:31,4.98E-02
2018/4/2 9:31,5.32E-02
2018/4/2 9:31,4.64E-02
2018/4/2 9:31,5.32E-02
2018/4/2 9:31,4.98E-02
2018/4/2 9:31,4.64E-02
2018/4/2 9:31,5.93E-02
2018/4/2 9:31,5.15E-02
2018/4/2 9:31,5.41E-02
2018/4/2 9:31,5.58E-02
2018/4/2 9:31,4.98E-02
2018/4/2 9:31,4.64E-02
2018/4/2 9:31,4.98E-02
2018/4/2 9:31,5.41E-02
2018/4/2 9:31,5.67E-02
2018/4/2 9:31,5.32E-02
2018/4/2 9:32,4.98E-02
2018/4/2 9:32,1.76E-01
2018/4/2 9:32,5.32E-02
2018/4/2 9:32,4.98E-02
2018/4/2 9:32,5.32E-02
2018/4/2 9:32,5.32E-02
2018/4/2 9:32,4.64E-02
2018/4/2 9:32,4.98E-02
2018/4/2 9:32,4.64E-02
2018/4/2 9:32,5.32E-02
2018/4/2 9:32,4.98E-02
2018/4/2 9:32,4.98E-02
2018/4/2 9:32,5.23E-02
2018/4/2 9:32,4.64E-02
2018/4/2 9:32,2.30E-04
2018/4/2 9:32,6.57E-03
2018/4/2 9:32,2.35E-01
2018/4/2 9:33,1.18E-01
2018/4/2 9:33,3.43E-01
2018/4/2 9:33,7.07E-01
2018/4/2 9:33,9.08E-01
2018/4/2 9:33,2.75E-01
2018/4/2 9:33,4.02E-01
2018/4/2 9:33,9.74E-01
2018/4/2 9:33,1.00E+00
2018/4/2 9:33,9.61E-01
2018/4/2 9:33,9.74E-01
2018/4/2 9:33,9.08E-01
2018/4/2 9:33,1.00E+00
2018/4/2 9:33,9.96E-01
2018/4/2 9:33,5.62E-01
2018/4/2 9:33,6.14E-01
2018/4/2 9:33,9.38E-01
2018/4/2 9:34,6.37E-01
2018/4/2 9:34,3.25E-01
2018/4/2 9:34,6.57E-01
2018/4/2 9:34,6.25E-01
2018/4/2 9:34,2.28E-01
2018/4/2 9:34,6.01E-01
2018/4/2 9:34,4.50E-01
2018/4/2 9:34,5.66E-01
2018/4/2 9:34,3.82E-01
2018/4/2 9:34,1.40E-01
2018/4/2 9:34,2.57E-01
2018/4/2 9:34,5.05E-01
2018/4/2 9:34,3.09E-01
2018/4/2 9:34,5.67E-02
2018/4/2 9:34,3.99E-02
2018/4/2 9:34,4.80E-05
2018/4/2 9:34,5.32E-02
2018/4/2 9:35,4.32E-01
2018/4/2 9:35,9.19E-02
2018/4/2 9:35,2.74E-01
2018/4/2 9:35,6.47E-02
2018/4/2 9:35,5.49E-02
2018/4/2 9:35,1.20E-01
2018/4/2 9:35,6.02E-02
2018/4/2 9:35,6.38E-02
2018/4/2 9:35,6.29E-02
2018/4/2 9:35,4.24E-02
2018/4/2 9:35,1.28E-01
2018/4/2 9:35,9.10E-02
2018/4/2 9:35,1.73E-02
2018/4/2 9:35,1.40E-01
2018/4/2 9:35,7.76E-02
2018/4/2 9:35,1.31E-01
2018/4/2 9:36,7.48E-02
2018/4/2 9:36,4.34E-01
2018/4/2 9:36,9.68E-02
2018/4/2 9:36,1.40E-01
2018/4/2 9:36,1.43E-01
2018/4/2 9:36,9.78E-02
2018/4/2 9:36,1.68E-01
2018/4/2 9:36,2.27E-01
2018/4/2 9:36,1.44E-01
2018/4/2 9:36,3.60E-02
2018/4/2 9:36,5.55E-04
2018/4/2 9:36,3.12E-03
2018/4/2 9:36,1.80E-02
2018/4/2 9:36,6.28E-05
2018/4/2 9:36,2.80E-05
2018/4/2 9:36,4.33E-05
2018/4/2 9:37,1.90E-05
2018/4/2 9:37,2.29E-05
2018/4/2 9:37,1.27E-05
2018/4/2 9:37,2.30E-04
2018/4/2 9:37,4.33E-05
2018/4/2 9:37,2.68E-05
2018/4/2 9:37,5.44E-05
2018/4/2 9:37,4.44E-05
2018/4/2 9:37,2.94E-05
2018/4/2 9:37,4.30E-05
2018/4/2 9:37,9.60E-04
2018/4/2 9:37,7.13E-05
2018/4/2 9:37,6.16E-05
2018/4/2 9:37,4.39E-05
2018/4/2 9:37,2.60E-05
2018/4/2 9:37,6.10E-05
2018/4/2 9:37,6.37E-05
2018/4/2 9:38,1.27E-05
2018/4/2 9:38,1.38E-05
2018/4/2 9:38,2.83E-05
2018/4/2 9:38,6.44E-05
2018/4/2 9:38,4.66E-04
2018/4/2 9:38,1.16E-05
2018/4/2 9:38,1.90E-05
2018/4/2 9:38,2.19E-04
2018/4/2 9:38,2.83E-05
2018/4/2 9:38,4.33E-05
2018/4/2 9:38,4.30E-05
2018/4/2 9:38,2.68E-05
2018/4/2 9:38,2.94E-05
2018/4/2 9:38,1.80E-05
2018/4/2 9:38,2.94E-05
2018/4/2 9:38,2.15E-05
2018/4/2 9:39,2.01E-05
2018/4/2 9:39,2.30E-04
2018/4/2 9:39,6.10E-05
2018/4/2 9:39,9.34E-06
2018/4/2 9:39,1.38E-05
2018/4/2 9:39,2.68E-05
2018/4/2 9:39,4.39E-05
2018/4/2 9:39,3.16E-05
2018/4/2 9:39,2.94E-05
2018/4/2 9:39,3.03E-05
2018/4/2 9:39,6.37E-05
2018/4/2 9:39,3.28E-05
2018/4/2 9:39,2.94E-05
2018/4/2 9:39,6.25E-05
2018/4/2 9:39,2.79E-02
2018/4/2 9:39,1.85E-05
2018/4/2 9:39,2.60E-05
2018/4/2 9:40,2.42E-05
2018/4/2 9:40,7.49E-05
2018/4/2 9:40,6.24E-05
2018/4/2 9:40,4.30E-05
2018/4/2 9:40,4.39E-05
2018/4/2 9:40,1.90E-05
2018/4/2 9:40,1.27E-05
2018/4/2 9:40,6.16E-05
2018/4/2 9:40,8.26E-04
2018/4/2 9:40,3.28E-05
2018/4/2 9:40,4.14E-05
2018/4/2 9:40,6.25E-05
2018/4/2 9:40,2.42E-05
2018/4/2 9:40,1.38E-05
2018/4/2 9:40,5.77E-05
2018/4/2 9:40,4.36E-05
2018/4/2 9:41,6.15E-05
2018/4/2 9:41,6.28E-05
2018/4/2 9:41,2.60E-05
2018/4/2 9:41,9.72E-04
2018/4/2 9:41,4.64E-02
2018/4/2 9:41,4.98E-02
2018/4/2 9:41,4.98E-02
2018/4/2 9:41,4.64E-02
2018/4/2 9:41,6.02E-02
2018/4/2 9:41,6.02E-02
2018/4/2 9:41,5.93E-02
2018/4/2 9:41,4.98E-02
2018/4/2 9:41,5.41E-02
2018/4/2 9:41,5.15E-02
2018/4/2 9:41,4.98E-02
2018/4/2 9:41,4.64E-02
2018/4/2 9:41,4.98E-02
2018/4/2 9:42,4.64E-02
2018/4/2 9:42,4.64E-02
2018/4/2 9:42,4.98E-02
2018/4/2 9:42,5.67E-02
2018/4/2 9:42,4.98E-02
2018/4/2 9:42,4.64E-02
2018/4/2 9:42,5.67E-02
2018/4/2 9:42,5.32E-02
2018/4/2 9:42,4.64E-02
2018/4/2 9:42,4.56E-02
2018/4/2 9:42,4.64E-02
2018/4/2 9:42,5.06E-02
2018/4/2 9:42,4.98E-02
2018/4/2 9:42,5.67E-02
2018/4/2 9:42,4.73E-02
2018/4/2 9:42,1.77E-01
2018/4/2 9:43,4.64E-02
2018/4/2 9:43,5.76E-02
2018/4/2 9:43,6.02E-02
2018/4/2 9:43,4.98E-02
2018/4/2 9:43,5.32E-02
2018/4/2 9:43,5.23E-02
2018/4/2 9:43,5.23E-02
2018/4/2 9:43,5.32E-02
2018/4/2 9:43,4.64E-02
2018/4/2 9:43,5.58E-02
2018/4/2 9:43,5.93E-02
2018/4/2 9:43,5.23E-02
2018/4/2 9:43,4.98E-02
2018/4/2 9:43,5.58E-02
2018/4/2 9:43,5.67E-02
2018/4/2 9:43,4.73E-02
2018/4/2 9:43,4.64E-02
2018/4/2 9:44,5.15E-02
2018/4/2 9:44,4.64E-02
2018/4/2 9:44,4.64E-02
2018/4/2 9:44,4.64E-02
2018/4/2 9:44,5.93E-02
2018/4/2 9:44,4.64E-02
2018/4/2 9:44,4.98E-02
2018/4/2 9:44,5.58E-02
2018/4/2 9:44,1.25E-01
2018/4/2 9:44,5.93E-02
2018/4/2 9:44,4.98E-02
2018/4/2 9:44,4.73E-02
2018/4/2 9:44,5.32E-02
2018/4/2 9:44,4.64E-02
2018/4/2 9:44,6.38E-02
2018/4/2 9:44,4.64E-02
2018/4/2 9:45,4.64E-02
2018/4/2 9:45,4.64E-02
2018/4/2 9:45,5.32E-02
2018/4/2 9:45,4.98E-02
2018/4/2 9:45,6.29E-02
2018/4/2 9:45,4.98E-02
2018/4/2 9:45,5.32E-02
2018/4/2 9:45,4.64E-02
2018/4/2 9:45,5.41E-02
2018/4/2 9:45,4.89E-02
2018/4/2 9:45,4.73E-02
2018/4/2 9:45,4.64E-02
2018/4/2 9:45,5.23E-02
2018/4/2 9:45,5.41E-02
2018/4/2 9:45,5.32E-02
2018/4/2 9:45,5.93E-02
2018/4/2 9:45,5.23E-02
2018/4/2 9:46,4.98E-02
2018/4/2 9:46,4.56E-02
2018/4/2 9:46,5.93E-02
2018/4/2 9:46,4.64E-02
2018/4/2 9:46,6.29E-02
2018/4/2 9:46,4.98E-02
2018/4/2 9:46,5.23E-02
2018/4/2 9:46,5.49E-02
2018/4/2 9:46,4.98E-02
2018/4/2 9:46,5.67E-02
2018/4/2 9:46,5.67E-02
2018/4/2 9:46,5.49E-02
2018/4/2 9:46,5.67E-02
2018/4/2 9:46,5.32E-02
2018/4/2 9:46,5.58E-02
2018/4/2 9:46,5.32E-02
2018/4/2 9:46,4.98E-02
2018/4/2 9:47,5.93E-02
2018/4/2 9:47,4.98E-02
2018/4/2 9:47,6.02E-02
2018/4/2 9:47,4.98E-02
2018/4/2 9:47,4.64E-02
2018/4/2 9:47,5.32E-02
2018/4/2 9:47,1.71E-01
2018/4/2 9:47,1.81E-01
2018/4/2 9:47,6.47E-02
2018/4/2 9:47,4.98E-02
2018/4/2 9:47,5.67E-02
2018/4/2 9:47,5.32E-02
2018/4/2 9:47,8.71E-02
2018/4/2 9:47,5.32E-02
2018/4/2 9:47,5.32E-02
2018/4/2 9:47,5.32E-02
2018/4/2 9:48,5.84E-02
2018/4/2 9:48,7.02E-02
2018/4/2 9:48,5.06E-02
2018/4/2 9:48,6.38E-02
2018/4/2 9:48,5.23E-02
2018/4/2 9:48,5.93E-02
2018/4/2 9:48,6.02E-02
2018/4/2 9:48,5.58E-02
2018/4/2 9:48,4.64E-02
2018/4/2 9:48,4.98E-02
2018/4/2 9:48,4.64E-02
2018/4/2 9:48,5.32E-02
2018/4/2 9:48,5.32E-02
2018/4/2 9:48,5.93E-02
2018/4/2 9:48,4.98E-02
2018/4/2 9:48,5.06E-02
2018/4/2 9:48,5.58E-02
2018/4/2 9:49,5.32E-02
2018/4/2 9:49,4.64E-02
2018/4/2 9:49,5.67E-02
2018/4/2 9:49,6.02E-02
2018/4/2 9:49,4.64E-02
2018/4/2 9:49,4.98E-02
2018/4/2 9:49,5.32E-02
2018/4/2 9:49,5.32E-02
2018/4/2 9:49,6.02E-02
2018/4/2 9:49,4.64E-02
2018/4/2 9:49,5.67E-02
2018/4/2 9:49,7.02E-02
2018/4/2 9:49,4.64E-02
2018/4/2 9:49,4.56E-02
2018/4/2 9:49,5.32E-02
2018/4/2 9:49,4.64E-02
2018/4/2 9:50,5.32E-02
2018/4/2 9:50,5.67E-02
2018/4/2 9:50,4.64E-02
2018/4/2 9:50,4.81E-02
2018/4/2 9:50,5.41E-02
2018/4/2 9:50,5.32E-02
2018/4/2 9:50,4.64E-02
2018/4/2 9:50,4.64E-02
2018/4/2 9:50,5.93E-02
2018/4/2 9:50,5.32E-02
2018/4/2 9:50,7.11E-02
2018/4/2 9:50,5.06E-02
2018/4/2 9:50,5.32E-02
2018/4/2 9:50,6.02E-02
2018/4/2 9:50,6.74E-02
2018/4/2 9:50,4.98E-02
2018/4/2 9:50,5.23E-02
2018/4/2 9:51,4.98E-02
2018/4/2 9:51,5.32E-02
2018/4/2 9:51,5.49E-02
2018/4/2 9:51,5.32E-02
2018/4/2 9:51,5.76E-02
2018/4/2 9:51,4.56E-02
2018/4/2 9:51,4.98E-02
2018/4/2 9:51,5.32E-02
2018/4/2 9:51,4.98E-02
2018/4/2 9:51,5.06E-02
2018/4/2 9:51,4.98E-02
2018/4/2 9:51,4.64E-02
2018/4/2 9:51,4.98E-02
2018/4/2 9:51,5.32E-02
2018/4/2 9:51,5.32E-02
2018/4/2 9:51,5.32E-02
2018/4/2 9:52,4.64E-02
2018/4/2 9:52,4.89E-02
2018/4/2 9:52,5.15E-02
2018/4/2 9:52,4.64E-02
2018/4/2 9:52,6.38E-02
2018/4/2 9:52,4.64E-02
2018/4/2 9:52,5.67E-02
2018/4/2 9:52,5.67E-02
2018/4/2 9:52,5.76E-02
2018/4/2 9:52,5.67E-02
2018/4/2 9:52,5.32E-02
2018/4/2 9:52,4.98E-02
2018/4/2 9:52,4.98E-02
2018/4/2 9:52,4.98E-02
2018/4/2 9:52,4.98E-02
2018/4/2 9:52,5.32E-02
2018/4/2 9:52,5.84E-02
2018/4/2 9:53,5.32E-02
2018/4/2 9:53,4.98E-02
2018/4/2 9:53,5.67E-02
2018/4/2 9:53,5.93E-02
2018/4/2 9:53,5.15E-02
2018/4/2 9:53,7.13E-05
2018/4/2 9:53,2.28E-03
2018/4/2 9:53,9.98E-04
2018/4/2 9:53,1.41E-03
2018/4/2 9:53,5.44E-05
2018/4/2 9:53,1.38E-05
2018/4/2 9:53,2.71E-05
2018/4/2 9:53,5.17E-05
2018/4/2 9:53,4.19E-05
2018/4/2 9:53,6.28E-05
2018/4/2 9:53,4.45E-05
2018/4/2 9:54,3.05E-05
2018/4/2 9:54,2.54E-04
2018/4/2 9:54,2.94E-05
2018/4/2 9:54,1.80E-05
2018/4/2 9:54,2.60E-05
2018/4/2 9:54,8.60E-05
2018/4/2 9:54,2.19E-04
2018/4/2 9:54,3.05E-05
2018/4/2 9:54,4.41E-05
2018/4/2 9:54,6.78E-05
2018/4/2 9:54,1.90E-05
2018/4/2 9:54,2.19E-04
2018/4/2 9:54,4.23E-05
2018/4/2 9:54,6.16E-05
2018/4/2 9:54,4.41E-05
2018/4/2 9:54,2.80E-05
2018/4/2 9:54,1.27E-05
2018/4/2 9:55,4.36E-05
2018/4/2 9:55,1.59E-05
2018/4/2 9:55,1.38E-05
2018/4/2 9:55,4.89E-02
2018/4/2 9:55,2.80E-05
2018/4/2 9:55,1.70E-05
2018/4/2 9:55,2.14E-01
2018/4/2 9:55,4.24E-01
2018/4/2 9:55,2.85E-01
2018/4/2 9:55,3.20E-01
2018/4/2 9:55,8.42E-02
2018/4/2 9:55,9.19E-02
2018/4/2 9:55,8.81E-02
2018/4/2 9:55,2.44E-01
2018/4/2 9:55,3.96E-01
2018/4/2 9:55,2.06E-01
2018/4/2 9:56,6.07E-01
2018/4/2 9:56,8.61E-02
2018/4/2 9:56,2.19E-01
2018/4/2 9:56,3.95E-01
2018/4/2 9:56,4.75E-01
2018/4/2 9:56,7.39E-01
2018/4/2 9:56,3.18E-01
2018/4/2 9:56,3.28E-01
2018/4/2 9:56,2.48E-01
2018/4/2 9:56,3.13E-01
2018/4/2 9:56,2.38E-01
2018/4/2 9:56,3.02E-01
2018/4/2 9:56,1.73E-01
2018/4/2 9:56,2.27E-01
2018/4/2 9:56,5.33E-01
2018/4/2 9:56,1.67E-01
2018/4/2 9:56,1.46E-03
2018/4/2 9:57,4.13E-03
2018/4/2 9:57,2.68E-05
2018/4/2 9:57,5.77E-05
2018/4/2 9:57,4.48E-05
2018/4/2 9:57,3.14E-05
2018/4/2 9:57,4.44E-05
2018/4/2 9:57,6.29E-05
2018/4/2 9:57,4.19E-05
2018/4/2 9:57,6.36E-05
2018/4/2 9:57,6.28E-05
2018/4/2 9:57,2.94E-05
2018/4/2 9:57,4.89E-02
2018/4/2 9:57,2.80E-05
2018/4/2 9:57,6.18E-05
2018/4/2 9:57,4.47E-05
2018/4/2 9:57,1.59E-05
2018/4/2 9:58,2.55E-05
2018/4/2 9:58,2.54E-04
2018/4/2 9:58,2.94E-05
2018/4/2 9:58,7.13E-05
2018/4/2 9:58,6.37E-05
2018/4/2 9:58,5.12E-05
2018/4/2 9:58,6.30E-05
2018/4/2 9:58,4.44E-05
2018/4/2 9:58,1.90E-05
2018/4/2 9:58,1.38E-05
2018/4/2 9:58,4.44E-05
2018/4/2 9:58,3.16E-05
2018/4/2 9:58,1.80E-05
2018/4/2 9:58,4.30E-05
2018/4/2 9:58,2.55E-05
2018/4/2 9:58,1.90E-05
2018/4/2 9:58,1.07E-02
2018/4/2 9:59,2.94E-05
2018/4/2 9:59,4.27E-05
2018/4/2 9:59,2.80E-05
2018/4/2 9:59,3.53E-05
2018/4/2 9:59,4.44E-05
2018/4/2 9:59,6.28E-05
2018/4/2 9:59,4.36E-05
2018/4/2 9:59,5.13E-03
2018/4/2 9:59,4.39E-05
2018/4/2 9:59,2.60E-05
2018/4/2 9:59,4.23E-05
2018/4/2 9:59,2.80E-05
2018/4/2 9:59,9.35E-04
2018/4/2 9:59,3.16E-05
2018/4/2 9:59,1.80E-05
2018/4/2 9:59,1.70E-05
2018/4/2 10:00,4.36E-05
2018/4/2 10:00,1.48E-05
2018/4/2 10:00,1.90E-05
2018/4/2 10:00,4.39E-05
2018/4/2 10:00,5.18E-05
2018/4/2 10:00,2.68E-05
2018/4/2 10:00,6.44E-05
2018/4/2 10:00,1.27E-05
2018/4/2 10:00,4.45E-05
2018/4/2 10:00,3.16E-05
2018/4/2 10:00,4.36E-05
2018/4/2 10:00,1.38E-03
2018/4/2 10:00,6.25E-05
2018/4/2 10:00,6.28E-05
2018/4/2 10:00,6.28E-05
2018/4/2 10:00,3.16E-05
2018/4/2 10:00,4.44E-05
2018/4/2 10:01,6.25E-05
2018/4/2 10:01,6.10E-05
2018/4/2 10:01,2.94E-05
2018/4/2 10:01,6.30E-05
2018/4/2 10:01,6.78E-05
2018/4/2 10:01,5.19E-05
2018/4/2 10:01,1.70E-05
2018/4/2 10:01,5.22E-05
2018/4/2 10:01,6.10E-05
2018/4/2 10:01,1.05E-05
2018/4/2 10:01,1.36E-02
2018/4/2 10:01,1.46E-03
2018/4/2 10:01,6.78E-05
2018/4/2 10:01,4.39E-05
2018/4/2 10:01,2.80E-05
2018/4/2 10:01,3.39E-05
2018/4/2 10:02,6.29E-05
2018/4/2 10:02,1.48E-05
2018/4/2 10:02,2.54E-04
2018/4/2 10:02,2.82E-05
2018/4/2 10:02,2.71E-05
2018/4/2 10:02,3.98E-03
2018/4/2 10:02,3.14E-05
2018/4/2 10:02,3.16E-05
2018/4/2 10:02,4.39E-05
2018/4/2 10:02,2.42E-05
2018/4/2 10:02,5.12E-05
2018/4/2 10:02,2.29E-05
2018/4/2 10:02,6.28E-05
2018/4/2 10:02,6.34E-05
2018/4/2 10:02,4.44E-05
2018/4/2 10:02,2.94E-05
2018/4/2 10:02,2.30E-04
2018/4/2 10:03,3.16E-05
2018/4/2 10:03,1.90E-05
2018/4/2 10:03,2.55E-05
2018/4/2 10:03,1.27E-05
2018/4/2 10:03,2.92E-05
2018/4/2 10:03,2.67E-04
2018/4/2 10:03,9.85E-04
2018/4/2 10:03,3.07E-03
2018/4/2 10:03,1.43E-03
2018/4/2 10:03,2.16E-03
2018/4/2 10:03,4.39E-05
2018/4/2 10:03,4.39E-05
2018/4/2 10:03,6.16E-05
2018/4/2 10:03,5.44E-05
2018/4/2 10:03,5.41E-02
2018/4/2 10:03,4.64E-02
2018/4/2 10:04,4.64E-02
2018/4/2 10:04,4.64E-02
2018/4/2 10:04,4.81E-02
2018/4/2 10:04,4.64E-02
2018/4/2 10:04,5.23E-02
2018/4/2 10:04,4.98E-02
2018/4/2 10:04,4.98E-02
2018/4/2 10:04,4.98E-02
2018/4/2 10:04,4.64E-02
2018/4/2 10:04,7.39E-02
2018/4/2 10:04,4.64E-02
2018/4/2 10:04,5.32E-02
2018/4/2 10:04,4.98E-02
2018/4/2 10:04,4.56E-02
2018/4/2 10:04,4.48E-02
2018/4/2 10:04,5.93E-02
2018/4/2 10:04,1.36E-02
2018/4/2 10:05,4.01E-03
2018/4/2 10:05,1.48E-05
2018/4/2 10:05,4.30E-05
2018/4/2 10:05,9.98E-04
2018/4/2 10:05,6.24E-05
2018/4/2 10:05,2.55E-05
2018/4/2 10:05,3.16E-05
2018/4/2 10:05,2.60E-05
2018/4/2 10:05,2.48E-04
2018/4/2 10:05,5.47E-05
2018/4/2 10:05,3.14E-05
2018/4/2 10:05,2.83E-05
2018/4/2 10:05,5.55E-04
2018/4/2 10:05,1.38E-05
2018/4/2 10:05,1.70E-05
2018/4/2 10:05,2.24E-03
2018/4/2 10:06,4.39E-05
2018/4/2 10:06,2.92E-05
2018/4/2 10:06,3.16E-05
2018/4/2 10:06,1.90E-05
2018/4/2 10:06,1.59E-05
2018/4/2 10:06,4.44E-05
2018/4/2 10:06,2.55E-05
2018/4/2 10:06,1.80E-05
2018/4/2 10:06,7.13E-05
2018/4/2 10:06,3.05E-05
2018/4/2 10:06,3.34E-05
2018/4/2 10:06,2.48E-05
2018/4/2 10:06,4.30E-05
2018/4/2 10:06,2.71E-05
2018/4/2 10:06,6.15E-05
2018/4/2 10:06,1.48E-05
2018/4/2 10:06,2.42E-05
2018/4/2 10:07,6.37E-05
2018/4/2 10:07,4.36E-05
2018/4/2 10:07,2.94E-05
2018/4/2 10:07,1.80E-05
2018/4/2 10:07,4.50E-05
2018/4/2 10:07,4.44E-05
2018/4/2 10:07,5.36E-04
2018/4/2 10:07,2.71E-05
2018/4/2 10:07,4.44E-05
2018/4/2 10:07,1.59E-05
2018/4/2 10:07,5.49E-05
2018/4/2 10:07,2.83E-05
2018/4/2 10:07,2.55E-05
2018/4/2 10:07,1.38E-05
2018/4/2 10:07,4.98E-02
2018/4/2 10:07,6.28E-05
2018/4/2 10:08,1.48E-05
2018/4/2 10:08,2.01E-05
2018/4/2 10:08,1.51E-03
2018/4/2 10:08,4.48E-05
2018/4/2 10:08,2.94E-05
2018/4/2 10:08,4.39E-05
2018/4/2 10:08,3.16E-05
2018/4/2 10:08,2.24E-04
2018/4/2 10:08,4.33E-05
2018/4/2 10:08,1.80E-05
2018/4/2 10:08,2.68E-05
2018/4/2 10:08,5.13E-05
2018/4/2 10:08,4.66E-04
2018/4/2 10:08,1.70E-05
2018/4/2 10:08,4.39E-05
2018/4/2 10:08,4.45E-05
2018/4/2 10:09,2.55E-05
2018/4/2 10:09,4.44E-05
2018/4/2 10:09,3.16E-05
2018/4/2 10:09,4.33E-05
2018/4/2 10:09,5.18E-05
2018/4/2 10:09,2.60E-05
2018/4/2 10:09,4.33E-05
2018/4/2 10:09,2.83E-05
2018/4/2 10:09,3.34E-05
2018/4/2 10:09,4.30E-05
2018/4/2 10:09,2.60E-05
2018/4/2 10:09,7.49E-05
2018/4/2 10:09,6.21E-05
2018/4/2 10:09,2.42E-05
2018/4/2 10:09,6.37E-05
2018/4/2 10:09,4.49E-05
2018/4/2 10:09,4.36E-05
2018/4/2 10:10,2.83E-05
2018/4/2 10:10,6.78E-05
2018/4/2 10:10,1.80E-05
2018/4/2 10:10,6.28E-05
2018/4/2 10:10,1.48E-03
2018/4/2 10:10,6.29E-05
2018/4/2 10:10,2.94E-05
2018/4/2 10:10,2.94E-05
2018/4/2 10:10,4.13E-03
2018/4/2 10:10,5.12E-05
2018/4/2 10:10,6.16E-05
2018/4/2 10:10,2.60E-05
2018/4/2 10:10,2.71E-05
2018/4/2 10:10,2.00E-05
2018/4/2 10:10,2.83E-05
2018/4/2 10:10,1.38E-05
2018/4/2 10:11,5.39E-05
2018/4/2 10:11,5.77E-05
2018/4/2 10:11,2.42E-05
2018/4/2 10:11,3.49E-05
2018/4/2 10:11,2.60E-05
2018/4/2 10:11,2.29E-05
2018/4/2 10:11,6.29E-05
2018/4/2 10:11,6.28E-05
2018/4/2 10:11,1.90E-05
2018/4/2 10:11,5.44E-05
2018/4/2 10:11,1.48E-05
2018/4/2 10:11,4.39E-05
2018/4/2 10:11,4.30E-05
2018/4/2 10:11,2.60E-05
2018/4/2 10:11,3.32E-05
2018/4/2 10:11,2.94E-05
2018/4/2 10:12,1.48E-05
2018/4/2 10:12,4.19E-05
2018/4/2 10:12,5.21E-05
2018/4/2 10:12,1.90E-05
2018/4/2 10:12,6.28E-05
2018/4/2 10:12,2.68E-05
2018/4/2 10:12,4.64E-02
2018/4/2 10:12,5.06E-02
2018/4/2 10:12,5.41E-02
2018/4/2 10:12,5.15E-02
2018/4/2 10:12,4.98E-02
2018/4/2 10:12,4.64E-02
2018/4/2 10:12,4.64E-02
2018/4/2 10:12,5.67E-02
2018/4/2 10:12,7.95E-02
2018/4/2 10:12,4.98E-02
2018/4/2 10:12,4.89E-02
2018/4/2 10:13,1.48E-01
2018/4/2 10:13,4.98E-02
2018/4/2 10:13,4.81E-02
2018/4/2 10:13,4.98E-02
2018/4/2 10:13,4.89E-02
2018/4/2 10:13,4.64E-02
2018/4/2 10:13,5.93E-02
2018/4/2 10:13,4.64E-02
2018/4/2 10:13,4.64E-02
2018/4/2 10:13,4.64E-02
2018/4/2 10:13,4.64E-02
2018/4/2 10:13,5.23E-02
2018/4/2 10:13,4.64E-02
2018/4/2 10:13,4.64E-02
2018/4/2 10:13,4.98E-02
2018/4/2 10:13,4.64E-02
2018/4/2 10:14,4.64E-02
2018/4/2 10:14,4.64E-02
2018/4/2 10:14,4.64E-02
2018/4/2 10:14,5.06E-02
2018/4/2 10:14,4.98E-02
2018/4/2 10:14,4.98E-02
2018/4/2 10:14,4.64E-02
2018/4/2 10:14,4.98E-02
2018/4/2 10:14,4.64E-02
2018/4/2 10:14,4.98E-02
2018/4/2 10:14,9.29E-02
2018/4/2 10:14,5.32E-02
2018/4/2 10:14,5.32E-02
2018/4/2 10:14,5.41E-02
2018/4/2 10:14,5.32E-02
2018/4/2 10:14,4.98E-02
2018/4/2 10:15,4.98E-02
2018/4/2 10:15,5.06E-02
2018/4/2 10:15,4.64E-02
2018/4/2 10:15,4.64E-02
2018/4/2 10:15,4.64E-02
2018/4/2 10:15,4.64E-02
2018/4/2 10:15,4.64E-02
2018/4/2 10:15,5.32E-02
2018/4/2 10:15,4.98E-02
2018/4/2 10:15,2.28E-01
2018/4/2 10:15,1.80E-01
2018/4/2 10:15,4.55E-01
2018/4/2 10:15,1.76E-01
2018/4/2 10:15,5.77E-01
2018/4/2 10:15,4.64E-01
2018/4/2 10:15,5.20E-01
2018/4/2 10:15,4.34E-01
2018/4/2 10:16,6.16E-01
2018/4/2 10:16,4.06E-01
2018/4/2 10:16,4.87E-01
2018/4/2 10:16,1.68E-01
2018/4/2 10:16,1.16E-01
2018/4/2 10:16,3.79E-01
2018/4/2 10:16,2.67E-01
2018/4/2 10:16,1.39E-01
2018/4/2 10:16,1.16E-01
2018/4/2 10:16,4.76E-01
2018/4/2 10:16,4.57E-01
2018/4/2 10:16,4.92E-01
2018/4/2 10:16,5.88E-01
2018/4/2 10:16,3.71E-01
2018/4/2 10:16,2.06E-01
2018/4/2 10:16,1.52E-01
2018/4/2 10:17,2.36E-01
2018/4/2 10:17,2.81E-01
2018/4/2 10:17,2.91E-01
2018/4/2 10:17,5.55E-04
2018/4/2 10:17,1.85E-05
2018/4/2 10:17,2.68E-05
2018/4/2 10:17,8.15E-04
2018/4/2 10:17,2.60E-05
2018/4/2 10:17,2.55E-05
2018/4/2 10:17,2.24E-03
2018/4/2 10:17,2.60E-05
2018/4/2 10:17,2.68E-05
2018/4/2 10:17,2.71E-05
2018/4/2 10:17,2.01E-05
2018/4/2 10:17,4.39E-05
2018/4/2 10:17,6.28E-05
2018/4/2 10:18,6.12E-05
2018/4/2 10:18,3.16E-05
2018/4/2 10:18,2.36E-05
2018/4/2 10:18,4.98E-02
2018/4/2 10:18,4.44E-05
2018/4/2 10:18,2.11E-05
2018/4/2 10:18,3.44E-05
2018/4/2 10:18,4.39E-05
2018/4/2 10:18,1.81E-02
2018/4/2 10:18,1.38E-05
2018/4/2 10:18,1.41E-03
2018/4/2 10:18,6.10E-05
2018/4/2 10:18,5.44E-05
2018/4/2 10:18,6.10E-05
2018/4/2 10:18,6.28E-05
2018/4/2 10:18,2.19E-04
2018/4/2 10:18,6.16E-05
2018/4/2 10:19,6.29E-05
2018/4/2 10:19,3.05E-05
2018/4/2 10:19,2.94E-05
2018/4/2 10:19,4.44E-05
2018/4/2 10:19,1.27E-05
2018/4/2 10:19,6.13E-05
2018/4/2 10:19,9.35E-04
2018/4/2 10:19,1.70E-05
2018/4/2 10:19,1.16E-05
2018/4/2 10:19,6.78E-05
2018/4/2 10:19,1.59E-05
2018/4/2 10:19,2.24E-03
2018/4/2 10:19,5.18E-05
2018/4/2 10:19,4.41E-04
2018/4/2 10:19,1.38E-05
2018/4/2 10:19,4.45E-05
2018/4/2 10:20,3.03E-05
2018/4/2 10:20,1.16E-05
2018/4/2 10:20,1.38E-05
2018/4/2 10:20,4.33E-05
2018/4/2 10:20,1.70E-05
2018/4/2 10:20,2.92E-05
2018/4/2 10:20,5.17E-05
2018/4/2 10:20,2.94E-05
2018/4/2 10:20,4.45E-05
2018/4/2 10:20,2.71E-05
2018/4/2 10:20,1.70E-05
2018/4/2 10:20,7.13E-05
2018/4/2 10:20,1.90E-05
2018/4/2 10:20,2.71E-05
2018/4/2 10:20,4.30E-05
2018/4/2 10:20,1.38E-05
2018/4/2 10:21,2.83E-05
2018/4/2 10:21,3.16E-05
2018/4/2 10:21,2.73E-04
2018/4/2 10:21,3.28E-05
2018/4/2 10:21,2.82E-05
2018/4/2 10:21,9.34E-06
2018/4/2 10:21,1.90E-05
2018/4/2 10:21,3.16E-05
2018/4/2 10:21,3.16E-05
2018/4/2 10:21,5.77E-05
2018/4/2 10:21,4.36E-05
2018/4/2 10:21,6.16E-05
2018/4/2 10:21,2.94E-05
2018/4/2 10:21,1.05E-05
2018/4/2 10:21,4.44E-05
2018/4/2 10:21,1.39E-02
2018/4/2 10:21,5.74E-04
2018/4/2 10:22,4.41E-05
2018/4/2 10:22,6.37E-05
2018/4/2 10:22,2.19E-02
2018/4/2 10:22,2.50E-05
2018/4/2 10:22,1.59E-05
2018/4/2 10:22,1.70E-05
2018/4/2 10:22,2.42E-05
2018/4/2 10:22,6.40E-05
2018/4/2 10:22,3.39E-05
2018/4/2 10:22,5.42E-05
2018/4/2 10:22,1.91E-04
2018/4/2 10:22,6.26E-05
2018/4/2 10:22,1.48E-05
2018/4/2 10:22,5.44E-05
2018/4/2 10:22,6.25E-05
2018/4/2 10:22,1.01E-03
2018/4/2 10:23,6.15E-05
2018/4/2 10:23,3.28E-05
2018/4/2 10:23,1.70E-05
2018/4/2 10:23,6.16E-05
2018/4/2 10:23,2.55E-05
2018/4/2 10:23,4.44E-05
2018/4/2 10:23,5.18E-05
2018/4/2 10:23,1.38E-05
2018/4/2 10:23,6.28E-05
2018/4/2 10:23,2.94E-05
2018/4/2 10:23,1.16E-05
2018/4/2 10:23,5.44E-05
2018/4/2 10:23,2.68E-05
2018/4/2 10:23,2.11E-05
2018/4/2 10:23,2.94E-05
2018/4/2 10:23,4.30E-05
2018/4/2 10:24,2.94E-05
2018/4/2 10:24,1.80E-05
2018/4/2 10:24,5.21E-05
2018/4/2 10:24,5.06E-02
2018/4/2 10:24,4.89E-02
2018/4/2 10:24,4.98E-02
2018/4/2 10:24,4.64E-02
2018/4/2 10:24,4.89E-02
2018/4/2 10:24,5.93E-02
2018/4/2 10:24,5.93E-02
2018/4/2 10:24,5.15E-02
2018/4/2 10:24,5.67E-02
2018/4/2 10:24,5.23E-02
2018/4/2 10:24,5.67E-02
2018/4/2 10:24,4.89E-02
2018/4/2 10:24,4.64E-02
2018/4/2 10:25,4.64E-02
2018/4/2 10:25,4.56E-02
2018/4/2 10:25,4.98E-02
2018/4/2 10:25,4.98E-02
2018/4/2 10:25,4.64E-02
2018/4/2 10:25,5.32E-02
2018/4/2 10:25,4.98E-02
2018/4/2 10:25,4.64E-02
2018/4/2 10:25,5.32E-02
2018/4/2 10:25,5.49E-02
2018/4/2 10:25,5.23E-02
2018/4/2 10:25,4.64E-02
2018/4/2 10:25,4.98E-02
2018/4/2 10:25,4.98E-02
2018/4/2 10:25,4.56E-02
2018/4/2 10:25,5.84E-02
2018/4/2 10:25,5.93E-02
2018/4/2 10:26,4.98E-02
2018/4/2 10:26,5.32E-02
2018/4/2 10:26,4.98E-02
2018/4/2 10:26,5.76E-02
2018/4/2 10:26,4.64E-02
2018/4/2 10:26,4.98E-02
2018/4/2 10:26,4.98E-02
2018/4/2 10:26,1.53E-01
2018/4/2 10:26,5.76E-02
2018/4/2 10:26,5.15E-02
2018/4/2 10:26,4.64E-02
2018/4/2 10:26,4.64E-02
2018/4/2 10:26,6.38E-02
2018/4/2 10:26,5.06E-02
2018/4/2 10:26,4.98E-02
2018/4/2 10:26,4.64E-02
2018/4/2 10:27,4.89E-02
2018/4/2 10:27,4.98E-02
2018/4/2 10:27,4.98E-02
2018/4/2 10:27,5.58E-02
2018/4/2 10:27,4.98E-02
2018/4/2 10:27,4.64E-02
2018/4/2 10:27,4.98E-02
2018/4/2 10:27,5.23E-02
2018/4/2 10:27,5.15E-02
2018/4/2 10:27,4.64E-02
2018/4/2 10:27,5.32E-02
2018/4/2 10:27,4.64E-02
2018/4/2 10:27,4.98E-02
2018/4/2 10:27,4.98E-02
2018/4/2 10:27,4.64E-02
2018/4/2 10:27,6.02E-02
2018/4/2 10:28,4.81E-02
2018/4/2 10:28,6.02E-02
2018/4/2 10:28,4.98E-02
2018/4/2 10:28,5.67E-02
2018/4/2 10:28,6.02E-02
2018/4/2 10:28,5.58E-02
2018/4/2 10:28,5.32E-02
2018/4/2 10:28,6.65E-02
2018/4/2 10:28,1.73E-01
2018/4/2 10:28,6.38E-02
2018/4/2 10:28,4.56E-02
2018/4/2 10:28,4.64E-02
2018/4/2 10:28,5.23E-02
2018/4/2 10:28,5.32E-02
2018/4/2 10:28,4.64E-02
2018/4/2 10:28,5.67E-02
2018/4/2 10:29,5.32E-02
2018/4/2 10:29,4.64E-02
2018/4/2 10:29,4.98E-02
2018/4/2 10:29,4.98E-02
2018/4/2 10:29,5.58E-02
2018/4/2 10:29,4.98E-02
2018/4/2 10:29,5.49E-02
2018/4/2 10:29,4.48E-02
2018/4/2 10:29,4.64E-02
2018/4/2 10:29,4.64E-02
2018/4/2 10:29,4.89E-02
2018/4/2 10:29,5.41E-02
2018/4/2 10:29,5.32E-02
2018/4/2 10:29,4.64E-02
2018/4/2 10:29,4.64E-02
2018/4/2 10:29,4.98E-02
2018/4/2 10:30,5.32E-02
2018/4/2 10:30,4.98E-02
2018/4/2 10:30,4.64E-02
2018/4/2 10:30,6.02E-02
2018/4/2 10:30,4.98E-02
2018/4/2 10:30,5.32E-02
2018/4/2 10:30,4.98E-02
2018/4/2 10:30,4.98E-02
2018/4/2 10:30,4.56E-02
2018/4/2 10:30,5.32E-02
2018/4/2 10:30,4.64E-02
2018/4/2 10:30,4.64E-02
2018/4/2 10:30,5.58E-02
2018/4/2 10:30,5.32E-02
2018/4/2 10:30,6.02E-02
2018/4/2 10:30,4.30E-05
2018/4/2 10:30,1.59E-05
2018/4/2 10:31,1.48E-05
2018/4/2 10:31,3.16E-05
2018/4/2 10:31,2.06E-03
2018/4/2 10:31,2.94E-05
2018/4/2 10:31,2.71E-05
2018/4/2 10:31,4.36E-05
2018/4/2 10:31,2.29E-05
2018/4/2 10:31,1.27E-05
2018/4/2 10:31,3.16E-05
2018/4/2 10:31,2.68E-05
2018/4/2 10:31,6.28E-05
2018/4/2 10:31,2.55E-05
2018/4/2 10:31,4.92E-04
2018/4/2 10:31,6.28E-05
2018/4/2 10:31,4.30E-05
2018/4/2 10:31,1.80E-05
2018/4/2 10:32,1.27E-05
2018/4/2 10:32,2.83E-05
2018/4/2 10:32,6.31E-05
2018/4/2 10:32,6.28E-05
2018/4/2 10:32,2.55E-05
2018/4/2 10:32,4.49E-05
2018/4/2 10:32,1.80E-05
2018/4/2 10:32,9.98E-04
2018/4/2 10:32,2.92E-05
2018/4/2 10:32,3.24E-05
2018/4/2 10:32,5.13E-05
2018/4/2 10:32,4.30E-05
2018/4/2 10:32,2.68E-05
2018/4/2 10:32,2.94E-05
2018/4/2 10:32,4.45E-05
2018/4/2 10:32,2.94E-05
2018/4/2 10:33,6.28E-05
2018/4/2 10:33,6.78E-05
2018/4/2 10:33,4.41E-05
2018/4/2 10:33,4.33E-05
2018/4/2 10:33,1.48E-05
2018/4/2 10:33,5.46E-05
2018/4/2 10:33,1.48E-05
2018/4/2 10:33,1.38E-05
2018/4/2 10:33,5.32E-02
2018/4/2 10:33,3.53E-05
2018/4/2 10:33,4.19E-05
2018/4/2 10:33,6.29E-05
2018/4/2 10:33,3.16E-05
2018/4/2 10:33,4.44E-05
2018/4/2 10:33,1.27E-05
2018/4/2 10:33,2.82E-05
2018/4/2 10:34,3.24E-03
2018/4/2 10:34,3.16E-05
2018/4/2 10:34,1.70E-05
2018/4/2 10:34,1.70E-05
2018/4/2 10:34,2.94E-05
2018/4/2 10:34,6.34E-05
2018/4/2 10:34,3.16E-05
2018/4/2 10:34,6.19E-05
2018/4/2 10:34,1.59E-05
2018/4/2 10:34,5.42E-05
2018/4/2 10:34,1.90E-05
2018/4/2 10:34,4.39E-05
2018/4/2 10:34,5.47E-05
2018/4/2 10:34,2.42E-05
2018/4/2 10:34,1.59E-05
2018/4/2 10:34,6.15E-05
2018/4/2 10:35,2.83E-05
2018/4/2 10:35,6.28E-05
2018/4/2 10:35,2.94E-05
2018/4/2 10:35,2.94E-05
2018/4/2 10:35,2.82E-05
2018/4/2 10:35,4.44E-05
2018/4/2 10:35,2.94E-05
2018/4/2 10:35,2.83E-05
2018/4/2 10:35,2.80E-05
2018/4/2 10:35,2.94E-05
2018/4/2 10:35,5.44E-05
2018/4/2 10:35,4.98E-02
2018/4/2 10:35,6.38E-02
2018/4/2 10:35,5.32E-02
2018/4/2 10:35,5.32E-02
2018/4/2 10:35,4.64E-02
2018/4/2 10:35,5.23E-02
2018/4/2 10:36,4.73E-02
2018/4/2 10:36,4.98E-02
2018/4/2 10:36,1.01E-01
2018/4/2 10:36,4.98E-02
2018/4/2 10:36,5.41E-02
2018/4/2 10:36,4.89E-02
2018/4/2 10:36,4.64E-02
2018/4/2 10:36,4.64E-02
2018/4/2 10:36,5.32E-02
2018/4/2 10:36,4.73E-02
2018/4/2 10:36,5.32E-02
2018/4/2 10:36,4.98E-02
2018/4/2 10:36,5.32E-02
2018/4/2 10:36,4.98E-02
2018/4/2 10:36,3.70E-01
2018/4/2 10:36,2.66E-01
2018/4/2 10:37,1.05E-01
2018/4/2 10:37,4.43E-01
2018/4/2 10:37,1.75E-01
2018/4/2 10:37,2.23E-01
2018/4/2 10:37,1.81E-01
2018/4/2 10:37,3.93E-01
2018/4/2 10:37,1.60E-02
2018/4/2 10:37,6.96E-01
2018/4/2 10:37,6.46E-01
2018/4/2 10:37,3.71E-01
2018/4/2 10:37,5.06E-01
2018/4/2 10:37,4.78E-01
2018/4/2 10:37,3.22E-01
2018/4/2 10:37,3.52E-01
2018/4/2 10:37,4.43E-01
2018/4/2 10:37,2.70E-01
2018/4/2 10:38,3.30E-01
2018/4/2 10:38,1.74E-01
2018/4/2 10:38,2.10E-01
2018/4/2 10:38,4.91E-01
2018/4/2 10:38,3.77E-01
2018/4/2 10:38,1.27E-05
2018/4/2 10:38,2.94E-05
2018/4/2 10:38,6.10E-05
2018/4/2 10:38,1.38E-05
2018/4/2 10:38,1.56E-02
2018/4/2 10:38,6.16E-05
2018/4/2 10:38,1.05E-05
2018/4/2 10:38,2.13E-04
2018/4/2 10:38,4.89E-02
2018/4/2 10:38,1.70E-05
2018/4/2 10:38,5.77E-05
2018/4/2 10:39,4.39E-05
2018/4/2 10:39,4.30E-05
2018/4/2 10:39,5.36E-04
2018/4/2 10:39,5.45E-03
2018/4/2 10:39,2.68E-05
2018/4/2 10:39,2.01E-05
2018/4/2 10:39,1.38E-05
2018/4/2 10:39,2.92E-05
2018/4/2 10:39,5.44E-05
2018/4/2 10:39,1.38E-05
2018/4/2 10:39,2.19E-04
2018/4/2 10:39,1.70E-05
2018/4/2 10:39,1.48E-05
2018/4/2 10:39,2.60E-05
2018/4/2 10:39,1.38E-05
2018/4/2 10:39,6.50E-03
2018/4/2 10:40,3.16E-05
2018/4/2 10:40,4.39E-05
2018/4/2 10:40,1.16E-05
2018/4/2 10:40,6.20E-05
2018/4/2 10:40,2.94E-05
2018/4/2 10:40,1.16E-05
2018/4/2 10:40,4.48E-05
2018/4/2 10:40,2.54E-04
2018/4/2 10:40,2.68E-05
2018/4/2 10:40,1.59E-05
2018/4/2 10:40,5.42E-05
2018/4/2 10:40,1.38E-05
2018/4/2 10:40,2.00E-05
2018/4/2 10:40,1.48E-05
2018/4/2 10:40,2.94E-05
2018/4/2 10:40,4.23E-05
2018/4/2 10:41,6.25E-05
2018/4/2 10:41,6.18E-05
2018/4/2 10:41,6.16E-05
2018/4/2 10:41,4.44E-05
2018/4/2 10:41,2.24E-04
2018/4/2 10:41,3.16E-05
2018/4/2 10:41,2.19E-04
2018/4/2 10:41,4.41E-05
2018/4/2 10:41,5.42E-05
2018/4/2 10:41,2.42E-04
2018/4/2 10:41,6.28E-05
2018/4/2 10:41,1.27E-05
2018/4/2 10:41,1.48E-05
2018/4/2 10:41,4.47E-05
2018/4/2 10:41,4.30E-05
2018/4/2 10:41,2.42E-05
2018/4/2 10:42,2.82E-05
2018/4/2 10:42,4.33E-05
2018/4/2 10:42,3.05E-05
2018/4/2 10:42,4.36E-05
2018/4/2 10:42,2.48E-05
2018/4/2 10:42,2.29E-05
2018/4/2 10:42,6.26E-05
2018/4/2 10:42,7.39E-02
2018/4/2 10:42,5.32E-02
2018/4/2 10:42,4.98E-02
2018/4/2 10:42,4.64E-02
2018/4/2 10:42,4.98E-02
2018/4/2 10:42,4.73E-02
2018/4/2 10:42,4.81E-02
2018/4/2 10:42,4.64E-02
2018/4/2 10:42,4.64E-02
2018/4/2 10:43,4.64E-02
2018/4/2 10:43,4.98E-02
2018/4/2 10:43,4.64E-02
2018/4/2 10:43,5.67E-02
2018/4/2 10:43,4.98E-02
2018/4/2 10:43,4.73E-02
2018/4/2 10:43,5.41E-02
2018/4/2 10:43,4.98E-02
2018/4/2 10:43,5.32E-02
2018/4/2 10:43,6.02E-02
2018/4/2 10:43,5.32E-02
2018/4/2 10:43,4.64E-02
2018/4/2 10:43,4.98E-02
2018/4/2 10:43,5.32E-02
2018/4/2 10:43,7.39E-02
2018/4/2 10:43,4.98E-02
2018/4/2 10:44,4.73E-02
2018/4/2 10:44,5.93E-02
2018/4/2 10:44,4.89E-02
2018/4/2 10:44,4.98E-02
2018/4/2 10:44,5.32E-02
2018/4/2 10:44,4.56E-02
2018/4/2 10:44,4.64E-02
2018/4/2 10:44,4.64E-02
2018/4/2 10:44,5.93E-02
2018/4/2 10:44,4.98E-02
2018/4/2 10:44,5.67E-02
2018/4/2 10:44,1.66E-01
2018/4/2 10:44,2.60E-01
2018/4/2 10:44,4.98E-02
2018/4/2 10:44,5.67E-02
2018/4/2 10:44,5.32E-02
2018/4/2 10:45,4.89E-02
2018/4/2 10:45,4.98E-02
2018/4/2 10:45,5.32E-02
2018/4/2 10:45,5.58E-02
2018/4/2 10:45,5.41E-02
2018/4/2 10:45,4.73E-02
2018/4/2 10:45,5.67E-02
2018/4/2 10:45,5.67E-02
2018/4/2 10:45,6.02E-02
2018/4/2 10:45,4.64E-02
2018/4/2 10:45,4.64E-02
2018/4/2 10:45,5.32E-02
2018/4/2 10:45,4.98E-02
2018/4/2 10:45,4.56E-02
2018/4/2 10:45,5.23E-02
2018/4/2 10:45,5.32E-02
2018/4/2 10:46,4.89E-02
2018/4/2 10:46,5.32E-02
2018/4/2 10:46,4.98E-02
2018/4/2 10:46,4.98E-02
2018/4/2 10:46,4.98E-02
2018/4/2 10:46,4.64E-02
2018/4/2 10:46,4.64E-02
2018/4/2 10:46,4.81E-02
2018/4/2 10:46,5.67E-02
2018/4/2 10:46,5.67E-02
2018/4/2 10:46,5.67E-02
2018/4/2 10:46,4.98E-02
2018/4/2 10:46,4.64E-02
2018/4/2 10:46,4.73E-02
2018/4/2 10:46,5.23E-02
2018/4/2 10:46,4.73E-02
2018/4/2 10:46,4.64E-02
2018/4/2 10:47,5.67E-02
2018/4/2 10:47,5.06E-02
2018/4/2 10:47,5.32E-02
2018/4/2 10:47,5.23E-02
2018/4/2 10:47,4.73E-02
2018/4/2 10:47,8.14E-02
2018/4/2 10:47,4.56E-02
2018/4/2 10:47,4.56E-02
2018/4/2 10:47,4.98E-02
2018/4/2 10:47,4.98E-02
2018/4/2 10:47,6.02E-02
2018/4/2 10:47,5.67E-02
2018/4/2 10:47,4.64E-02
2018/4/2 10:47,4.64E-02
2018/4/2 10:47,4.89E-02
2018/4/2 10:47,5.67E-02
2018/4/2 10:48,4.98E-02
2018/4/2 10:48,5.49E-02
2018/4/2 10:48,4.81E-02
2018/4/2 10:48,5.32E-02
2018/4/2 10:48,6.38E-02
2018/4/2 10:48,4.98E-02
2018/4/2 10:48,5.67E-02
2018/4/2 10:48,5.32E-02
2018/4/2 10:48,4.73E-02
2018/4/2 10:48,4.98E-02
2018/4/2 10:48,4.98E-02
2018/4/2 10:48,5.32E-02
2018/4/2 10:48,5.67E-02
2018/4/2 10:48,4.98E-02
2018/4/2 10:48,4.98E-02
2018/4/2 10:48,4.98E-02
2018/4/2 10:49,4.98E-02
2018/4/2 10:49,4.98E-02
2018/4/2 10:49,4.73E-02
2018/4/2 10:49,1.67E-01
2018/4/2 10:49,5.67E-02
2018/4/2 10:49,4.89E-02
2018/4/2 10:49,6.02E-02
2018/4/2 10:49,4.64E-02
2018/4/2 10:49,7.95E-02
2018/4/2 10:49,4.89E-02
2018/4/2 10:49,4.64E-02
2018/4/2 10:49,7.11E-02
2018/4/2 10:49,5.32E-02
2018/4/2 10:49,4.98E-02
2018/4/2 10:49,5.67E-02
2018/4/2 10:49,5.15E-02
2018/4/2 10:50,5.93E-02
2018/4/2 10:50,5.01E-04
2018/4/2 10:50,1.59E-05
2018/4/2 10:50,2.93E-04
2018/4/2 10:50,3.05E-05
2018/4/2 10:50,6.16E-05
2018/4/2 10:50,2.68E-05
2018/4/2 10:50,6.13E-05
2018/4/2 10:50,2.71E-05
2018/4/2 10:50,3.28E-05
2018/4/2 10:50,6.13E-05
2018/4/2 10:50,4.44E-05
2018/4/2 10:50,7.13E-05
2018/4/2 10:50,2.24E-04
2018/4/2 10:50,2.94E-05
2018/4/2 10:50,4.30E-05
2018/4/2 10:51,1.48E-05
2018/4/2 10:51,1.16E-05
2018/4/2 10:51,2.15E-05
2018/4/2 10:51,1.48E-05
2018/4/2 10:51,2.48E-05
2018/4/2 10:51,2.94E-05
2018/4/2 10:51,1.59E-05
2018/4/2 10:51,8.74E-04
2018/4/2 10:51,2.94E-05
2018/4/2 10:51,3.16E-05
2018/4/2 10:51,3.16E-05
2018/4/2 10:51,9.22E-04
2018/4/2 10:51,5.55E-04
2018/4/2 10:51,1.38E-05
2018/4/2 10:51,6.30E-05
2018/4/2 10:51,2.55E-05
2018/4/2 10:52,1.27E-05
2018/4/2 10:52,6.28E-05
2018/4/2 10:52,7.13E-05
2018/4/2 10:52,2.82E-05
2018/4/2 10:52,4.44E-05
2018/4/2 10:52,3.50E-05
2018/4/2 10:52,1.38E-05
2018/4/2 10:52,6.13E-05
2018/4/2 10:52,2.92E-05
2018/4/2 10:52,1.27E-05
2018/4/2 10:52,2.55E-05
2018/4/2 10:52,1.27E-05
2018/4/2 10:52,2.82E-05
2018/4/2 10:52,1.90E-05
2018/4/2 10:52,3.16E-05
2018/4/2 10:52,6.44E-05
2018/4/2 10:53,3.28E-05
2018/4/2 10:53,2.71E-05
2018/4/2 10:53,3.16E-05
2018/4/2 10:53,4.44E-05
2018/4/2 10:53,2.94E-05
2018/4/2 10:53,4.48E-05
2018/4/2 10:53,5.42E-05
2018/4/2 10:53,2.94E-05
2018/4/2 10:53,7.49E-05
2018/4/2 10:53,2.94E-05
2018/4/2 10:53,4.39E-05
2018/4/2 10:53,2.68E-05
2018/4/2 10:53,6.30E-05
2018/4/2 10:53,6.44E-05
2018/4/2 10:53,6.18E-05
2018/4/2 10:54,5.18E-05
2018/4/2 10:54,1.59E-05
2018/4/2 10:54,5.18E-05
2018/4/2 10:54,5.18E-05
2018/4/2 10:54,1.69E-05
2018/4/2 10:54,1.38E-05
2018/4/2 10:54,4.41E-05
2018/4/2 10:54,3.14E-05
2018/4/2 10:54,5.44E-05
2018/4/2 10:54,4.30E-05
2018/4/2 10:54,2.60E-05
2018/4/2 10:54,6.12E-05
2018/4/2 10:54,2.00E-05
2018/4/2 10:54,2.94E-05
2018/4/2 10:54,6.16E-05
2018/4/2 10:54,5.44E-05
2018/4/2 10:55,5.44E-05
2018/4/2 10:55,4.27E-05
2018/4/2 10:55,1.27E-05
2018/4/2 10:55,4.36E-05
2018/4/2 10:55,1.70E-05
2018/4/2 10:55,3.16E-05
2018/4/2 10:55,6.25E-05
2018/4/2 10:55,3.03E-05
2018/4/2 10:55,4.19E-05
